ID,Q1,Q2,Q3,Q4,Q5,Q6,Q7,Q8,Q9,Q10,Q11,Q12
121457,"hey! its sasha, nice to meet you! over the next two weeks, im gonna explore healthy and sustainable eating with you guys üçé

a year ago, i started eating more plant-based foods and learned a lot along the way. its not about being perfect, i dont think we all need to go completely vegan. but, being a bit mindful of how much animal food we eat and drink can be good for our health and the planet.

stay tuned, im gonna share lots of interesting science facts and give you tips for small changes that can make a big difference.","fruits n veggies are filled with important nutrients like vitamins, minerals, n antioxidants that help our bodies fight diseases. for instance, people who eat mostly plant foods were 39% less likely to get Covid n have fewer hospital visits overall. 

every time we buy food ourselves, we get to decide what goes into our bodies. to make it more fun, you could also talk with your friends during lunch n try out some plant-based foods together. üçéü•¶","so like reducing how much meat we eat can help save lots of CO2, which causes climate change. for example, if we eat meat every other day instead of every day for a year, it saves as much CO2 as driving a car from London to China‚Ä¶ and back! with small changes like this, everyone can help the environment and slow down climate change now without waiting for others! lets start small; for example, we can try to eat meat only once a day, instead of having it at breakfast, lunch, and dinner.","more than 70% of farm animals in the UK raised on factory farms to keep animal products cheap. on these farms, a chicken has only about the space of a laptop, so hardly any room to move. it's like living under a staircase, like Harry Potter, for your whole life.

dk you guys know factory farms keep going bc people buy their products. by choosing to eat less meat or plant-based meats when we can, we can send a message to these farms to make better living conditions for their animals.","fiber is rly important for our stomachs, found only in plants, not animal foods. when we have enough fiber, we stay full longer & have more energy in school, no tired feeling after lunch.

changing habits like what we eat can be tricky. easy way to start is try more plant-based lunches at school, feel more energetic & ready for afternoon.","80% of young ppl believe livin sustainably is v important for their happiness. and 77% say theyd choose meat alternatives as part of their sustainable lifestyle.

its good to see how much our generation agrees on this. even if were not tryin to be completely vegan, each of us can do somethin to help. like we can try the plant-based food options in our school cafeteria or some meat alternatives more often.","Hey! Thanks for following along for the first week.\n\nI'm excited to see how more people are choosing plant-based eating. Some of my favourite celebrities eat vegan, like Lewis Hamilton, Billie Eilish, and Ariana Grande. Others, like Harry Styles and Lionel Messi, avoid animal products for the most part.\n\nI also see new plant-based products and restaurants appearing everywhere.  It looks like we'll have lots of options in the future!\n\nWhy not see if some of your favorite celebrities also eat plant-based? ","Reducing how much meat, dairy, and sugary foods we eat can really help improve acne (up to 87% less acne in young people). Eating lots of vegetables and fruits also keeps our skin hydrated, protects us from getting sunburned, and even stops wrinkles.\n\nHaving clear, glowing skin might be as simple as just eating more veggies and fruits. When do you usually buy food during your day? Are there tasty plant-based options you could try the next time you have a choice?","If everyone ate less animal foods, the CO2 from food production would drop by 68%. Just by changing our food choices, we could be halfway to stopping climate change.\n\nClimate change will mostly affect us young people because we will see its outcomes in our lifetime. Instead of being cynical, let's look for small, effective changes that we can make right now. Choosing more plant-based meals or snacks when possible is one of the easiest things we can do.\n\nYou can also find out which foods are especially harmful for to climate (hint: the farm animal that is worst for the climate rhymes with ‚Äòwow‚Äô).","Most pigs and chickens in the UK are kept indoors their whole lives and never see sunlight. Animals that can't go outside are more stressed and, scientists say, much less happy.\n\nWe may not be able to change how animals are treated on these farms directly. But we can choose more vegetables and meat alternatives (like plant-based schnitzel, sausages, and burgers) instead of animal meat. This is the quickest way to help make animals' lives better.","Vegetables and fruits have helpful plant substances that support our brain health and help it work well. Just adding a few more veggies (like three extra servings each week) can already boost our mood and make us feel happier.\n\nThere's no limit to how many plants we can eat‚Äîit's all good for our brains! To start, you could challenge yourself, your friends, or your parents to have more plant-based meals on some days of the week (with an occasional cheat day here and there).","Animal farming is responsible for 80% of the loss of the Amazon rainforest because farmers need space for cattle and cattle food. Last year, the Amazon rainforest lost as many trees as there are in the UK and Ireland combined. Imagine if there were not a single tree left here!\n\nBy eating less meat (like choosing veggie burgers instead of regular burgers for lunch), we can make a difference without needing to change much. If you eat with others, you can also set an example and inspire your friends and classmates, to be more mindful about their food choices as well."
121453,"Hello! I‚Äôm Sasha, nice to meet you! Over the next two weeks, I will explore healthy and sustainable eating with you.\n\nA year ago, I started eating more plant-based foods and learned a lot along the way. It‚Äôs not about being perfect; I don‚Äôt think we all need to go completely vegan. However, being a bit mindful of how much animal food we eat and drink can be good for our health and the planet.\n\nStay tuned, as I will share lots of interesting science facts and give you tips for small changes that can make a big difference.","Fruits and vegetables are filled with important nutrients like vitamins, minerals, and antioxidants that help our bodies fight diseases. For instance, people who eat mostly plant foods were 39% less likely to get Covid and have fewer hospital visits overall.\n\nEvery time we buy food ourselves, we get to decide what goes into our bodies. To make it more fun, you could also talk with your friends during lunch and try out some plant-based foods together.","Reducing how much meat we eat can help save a lot of CO2, which causes climate change. For example, if we eat meat every other day instead of every day for a year, it saves as much CO2 as driving a car from London to China‚Ä¶ and back!\n\nWith small changes like this, everyone can help the environment and slow down climate change now without waiting for others! Let‚Äôs start small;  for example, we can try to eat meat only once a day, instead of having it at breakfast, lunch, and dinner.","More than 70% of farm animals in the UK are raised on factory farms to keep animal products cheap. On these farms, a chicken has only about the space of a laptop, so there's hardly any room to move. It's like living under a staircase, like Harry Potter, for your whole life.\n\nFactory farms keep going because people buy their products. By choosing to eat less meat or plant-based meats when we can, we can send a message to these farms to make better living conditions for their animals.","Fiber is really important for keeping our stomachs healthy, and it's only found in plants, not in animal foods. When we have enough fiber in our meals, we stay full for longer and have more energy throughout the school day, avoiding that tired feeling after lunch.\n\nChanging our habits, like what we eat, can be tricky at first. An easy way to start could be to try more plant-based lunches at school to feel more energetic and ready for the afternoon.","80% of young people believe that living sustainably is very important for their happiness. And 77% say they would choose meat alternatives as part of their sustainable lifestyle.\n\nIt's good to see how much our generation agrees on this. Even if we're not trying to be completely vegan, each of us can do something to help. For example, we can try the plant-based food options in our school cafeteria or some meat alternatives more often.","hey! thanks for following along first week
i'm excited to see more people choosing plant-based eating. some of my favourites are vegan, like lewis hamilton, billie eilish, and ariana grande. others like harry styles and lionel messi avoid animal products for the most part
i also see new plant-based products and restaurants everywhere. looks like we'll have lots of options in the future!
why not see if some of your favourites also eat plant-based?","eating less meat, dairy, sugary foods helps with acne, like 87% less for young people. lots of veggies and fruits keep skin hydrated, protect from sunburn, even stop wrinkles.

cool, clear, glowing skin might be just about eating more veggies and fruits. when do you buy food usually? any tasty plant-based stuff you could try next time?","if everyone ate less animal foods, CO2 from food production would drop by 68%. just by changing our food choices, we could be halfway to stopping climate change

climate change will mostly affect us young people because we will see its outcomes in our lifetime. instead of being cynical, let's look for small, effective changes that we can make right now. choosing more plant-based meals or snacks when possible is one of the easiest things we can do

you can also find out which foods are especially harmful for the climate (hint: the farm animal that is worst for the climate rhymes with ‚Äòwow‚Äô)","most pigs and chickens in the uk are kept indoors their whole lives and never see sunlight. animals that cant go outside are more stressed and, scientists say, much less happy. we may not be able to change how animals are treated on these farms directly. but we can choose more vegetables and meat alternatives (like plant-based schnitzel, sausages, and burgers) instead of animal meat. this is the quickest way to help make animals' lives better.","vegetables and fruits have good plant stuff that help our brain, make it work well. just add few more veggies, like three more each week, can boost mood, make us happier.

no limit on plants we can eat, all good for brains! to start, challenge yourself, friends, parents, more plant meals some days of week (cheat day here and there).","animal farming is responsible for 80% of amazon rainforest loss, need space for cattle and their food. last year, amazon lost as many trees as uk and ireland combined. imagine no trees left! by eating less meat, like veggie burgers for lunch, we make a difference. if you eat with others, set an example, inspire friends and classmates, be mindful of food choices."
121454,"hey! its Sasha, nice to meet you! over the next two weeks, im gonna explore healthy and sustainable eating with you.

so like a year ago, i started eating more plant-based foods and learned a lot along the way. its not about being perfect, i dont think we all need to go completely vegan. but like being a bit mindful of how much animal food we eat and drink can be good for our health and the planet.

stay tuned, im gonna share lots of interesting science facts and give you tips for small changes that can make a big difference.","fruits and veggies are packed with important stuff like vitamins, minerals, and antioxidants that help our bodies fight diseases. like, people who eat mostly plant foods were 39% less likely to get Covid and have fewer hospital visits overall.

every time we buy food ourselves, we get to decide what goes into our bodies. to make it more fun, maybe you could talk with your friends during lunch and try out some plant-based foods together.","so like, eating less meat can save loads of CO2, which is causing climate change. if we eat meat every other day instead of every day for a year, it's like driving a car from London to China and back! small changes like this can help the environment and slow down climate change now, no need to wait for others! let's start small, like eating meat once a day instead of having it for breakfast, lunch, and dinner. maybe you are the one who can make a difference ü§∑","more than 70% of farm animals in the UK are raised on factory farms to keep animal products cheap. on these farms, a chicken has only about the space of a laptop, so theres hardly any room to move. its like living under a staircase, like Harry Potter, for your whole life.

factory farms keep going bc people buy their products. by choosing to eat less meat or plant-based meats when we can, we can send a message to these farms to make better living conditions for their animals.","fiber is rly important for our stomachs, its only in plants, not animal foods. when we got enough fiber, we stay full longer n have more energy in school, no tired feeling after lunch.

changing habits like what we eat can be tricky. easy way to start is try more plant-based lunches at school, feel more energetic n ready for afternoon.","80% of young people believe that living sustainably is very important for their happiness. and 77% say they would choose meat alternatives as part of their sustainable lifestyle

its good to see how much our generation agrees on this. even if were not trying to be completely vegan, each of us can do something to help. for example, we can try the plant-based food options in our school cafeteria or some meat alternatives more often.","Hey! Thanks for following along for the first week.\n\nI'm excited to see how more people are choosing plant-based eating. Some of my favourite celebrities eat vegan, like Lewis Hamilton, Billie Eilish, and Ariana Grande. Others, like Harry Styles and Lionel Messi, avoid animal products for the most part.\n\nI also see new plant-based products and restaurants appearing everywhere.  It looks like we'll have lots of options in the future!\n\nWhy not see if some of your favorite celebrities also eat plant-based? ","Reducing how much meat, dairy, and sugary foods we eat can really help improve acne (up to 87% less acne in young people). Eating lots of vegetables and fruits also keeps our skin hydrated, protects us from getting sunburned, and even stops wrinkles.\n\nHaving clear, glowing skin might be as simple as just eating more veggies and fruits. When do you usually buy food during your day? Are there tasty plant-based options you could try the next time you have a choice?","If everyone ate less animal foods, the CO2 from food production would drop by 68%. Just by changing our food choices, we could be halfway to stopping climate change.\n\nClimate change will mostly affect us young people because we will see its outcomes in our lifetime. Instead of being cynical, let's look for small, effective changes that we can make right now. Choosing more plant-based meals or snacks when possible is one of the easiest things we can do.\n\nYou can also find out which foods are especially harmful for to climate (hint: the farm animal that is worst for the climate rhymes with ‚Äòwow‚Äô).","Most pigs and chickens in the UK are kept indoors their whole lives and never see sunlight. Animals that can't go outside are more stressed and, scientists say, much less happy.\n\nWe may not be able to change how animals are treated on these farms directly. But we can choose more vegetables and meat alternatives (like plant-based schnitzel, sausages, and burgers) instead of animal meat. This is the quickest way to help make animals' lives better.","Vegetables and fruits have helpful plant substances that support our brain health and help it work well. Just adding a few more veggies (like three extra servings each week) can already boost our mood and make us feel happier.\n\nThere's no limit to how many plants we can eat‚Äîit's all good for our brains! To start, you could challenge yourself, your friends, or your parents to have more plant-based meals on some days of the week (with an occasional cheat day here and there).","Animal farming is responsible for 80% of the loss of the Amazon rainforest because farmers need space for cattle and cattle food. Last year, the Amazon rainforest lost as many trees as there are in the UK and Ireland combined. Imagine if there were not a single tree left here!\n\nBy eating less meat (like choosing veggie burgers instead of regular burgers for lunch), we can make a difference without needing to change much. If you eat with others, you can also set an example and inspire your friends and classmates, to be more mindful about their food choices as well."
121456,"hey! its sasha, nice to meet you! over the next two weeks, im gonna explore healthy and sustainable eating with you.  a year ago, i started eating more plant-based foods and learned a lot along the way. its not about being perfect, i dont think we all need to go completely vegan. but, being a bit mindful of how much animal food we eat and drink can be good for our health and the planet.  stay tuned, im gonna share lots of interesting science facts and give you tips for small changes that can make a big difference.","fruits and vegetables are filled with important nutrients like vitamins, minerals, and antioxidants that help our bodies fight diseases. i think people who eat mostly plant foods were 39% less likely to get covid and have fewer hospital visits overall. 

every time we buy food ourselves, we get to decide what goes into our bodies. i think you could also talk with your friends during lunch and try out some plant-based foods together.","so, reducing how much meat we eat can help save lots of co2, which causes climate change. like, if we eat meat every other day instead of every day for a year, its like driving a car from london to china‚Ä¶ and back!

with small changes like this, everyone can help the environment and slow down climate change now without waiting for others! lets start small; like, we can try to eat meat only once a day, instead of having it at breakfast, lunch, and dinner.","more than 70% of farm animals in the uk are raised on factory farms to keep animal products cheap. on these farms, a chicken has only about the space of a laptop, so its much boring, hardly any room to move. its like living under a staircase, like harry potter, for your whole life. 

factory farms keep going bc people buy their products. i think we can send a message to these farms to make better living conditions for their animals by choosing to eat less meat or plant-based meats when we can","fiber is really important for our stomachs, its only in plants, not in animal foods. when we have enough fiber, we stay full for longer and have more energy in school, no tired feeling after lunch.

changing habits, like what we eat, can be tricky. i think an easy way to start is try more plant-based lunches at school, feel more energetic and ready for the afternoon.","80% of young people think living sustainably is really important for their happiness. and 77% say they'd choose meat alternatives for a sustainable lifestyle.

i think its good to see how much our generation agrees on this. even if we're not trying to be completely vegan, we can all do something to help. like, we can try the plant-based food in our school cafeteria or some meat alternatives more often.","Hey! Thanks for following along for the first week.\n\nI'm excited to see how more people are choosing plant-based eating. Some of my favourite celebrities eat vegan, like Lewis Hamilton, Billie Eilish, and Ariana Grande. Others, like Harry Styles and Lionel Messi, avoid animal products for the most part.\n\nI also see new plant-based products and restaurants appearing everywhere.  It looks like we'll have lots of options in the future!\n\nWhy not see if some of your favorite celebrities also eat plant-based? ","Reducing how much meat, dairy, and sugary foods we eat can really help improve acne (up to 87% less acne in young people). Eating lots of vegetables and fruits also keeps our skin hydrated, protects us from getting sunburned, and even stops wrinkles.\n\nHaving clear, glowing skin might be as simple as just eating more veggies and fruits. When do you usually buy food during your day? Are there tasty plant-based options you could try the next time you have a choice?","If everyone ate less animal foods, the CO2 from food production would drop by 68%. Just by changing our food choices, we could be halfway to stopping climate change.\n\nClimate change will mostly affect us young people because we will see its outcomes in our lifetime. Instead of being cynical, let's look for small, effective changes that we can make right now. Choosing more plant-based meals or snacks when possible is one of the easiest things we can do.\n\nYou can also find out which foods are especially harmful for to climate (hint: the farm animal that is worst for the climate rhymes with ‚Äòwow‚Äô).","Most pigs and chickens in the UK are kept indoors their whole lives and never see sunlight. Animals that can't go outside are more stressed and, scientists say, much less happy.\n\nWe may not be able to change how animals are treated on these farms directly. But we can choose more vegetables and meat alternatives (like plant-based schnitzel, sausages, and burgers) instead of animal meat. This is the quickest way to help make animals' lives better.","Vegetables and fruits have helpful plant substances that support our brain health and help it work well. Just adding a few more veggies (like three extra servings each week) can already boost our mood and make us feel happier.\n\nThere's no limit to how many plants we can eat‚Äîit's all good for our brains! To start, you could challenge yourself, your friends, or your parents to have more plant-based meals on some days of the week (with an occasional cheat day here and there).","Animal farming is responsible for 80% of the loss of the Amazon rainforest because farmers need space for cattle and cattle food. Last year, the Amazon rainforest lost as many trees as there are in the UK and Ireland combined. Imagine if there were not a single tree left here!\n\nBy eating less meat (like choosing veggie burgers instead of regular burgers for lunch), we can make a difference without needing to change much. If you eat with others, you can also set an example and inspire your friends and classmates, to be more mindful about their food choices as well."
121462,"Hello! I‚Äôm Sasha, nice to meet you! Over the next two weeks, I will explore healthy and sustainable eating with you.\n\nA year ago, I started eating more plant-based foods and learned a lot along the way. It‚Äôs not about being perfect; I don‚Äôt think we all need to go completely vegan. However, being a bit mindful of how much animal food we eat and drink can be good for our health and the planet.\n\nStay tuned, as I will share lots of interesting science facts and give you tips for small changes that can make a big difference.","Fruits and vegetables are filled with important nutrients like vitamins, minerals, and antioxidants that help our bodies fight diseases. For instance, people who eat mostly plant foods were 39% less likely to get Covid and have fewer hospital visits overall.\n\nEvery time we buy food ourselves, we get to decide what goes into our bodies. To make it more fun, you could also talk with your friends during lunch and try out some plant-based foods together.","Reducing how much meat we eat can help save a lot of CO2, which causes climate change. For example, if we eat meat every other day instead of every day for a year, it saves as much CO2 as driving a car from London to China‚Ä¶ and back!\n\nWith small changes like this, everyone can help the environment and slow down climate change now without waiting for others! Let‚Äôs start small;  for example, we can try to eat meat only once a day, instead of having it at breakfast, lunch, and dinner.","More than 70% of farm animals in the UK are raised on factory farms to keep animal products cheap. On these farms, a chicken has only about the space of a laptop, so there's hardly any room to move. It's like living under a staircase, like Harry Potter, for your whole life.\n\nFactory farms keep going because people buy their products. By choosing to eat less meat or plant-based meats when we can, we can send a message to these farms to make better living conditions for their animals.","Fiber is really important for keeping our stomachs healthy, and it's only found in plants, not in animal foods. When we have enough fiber in our meals, we stay full for longer and have more energy throughout the school day, avoiding that tired feeling after lunch.\n\nChanging our habits, like what we eat, can be tricky at first. An easy way to start could be to try more plant-based lunches at school to feel more energetic and ready for the afternoon.","80% of young people believe that living sustainably is very important for their happiness. And 77% say they would choose meat alternatives as part of their sustainable lifestyle.\n\nIt's good to see how much our generation agrees on this. Even if we're not trying to be completely vegan, each of us can do something to help. For example, we can try the plant-based food options in our school cafeteria or some meat alternatives more often.","Hey there! Thanks for following along for the first week. üòç

I'm so excited to see more people choosing plant-based eating. Some of my faves like Lewis Hamilton, Billie Eilish, and Ariana Grande are vegan. Others like Harry Styles and Lionel Messi mostly avoid animal products. üå±

I also see new plant-based products and restaurants popping up everywhere. Looks like we'll have lots of options in the future! üçî

What about you? Any of your favorite celebrities eat plant-based? ü§î","Wow!...reducing meat, dairy, and those sugary foods can really help with acne, up to 87% less for young people! Eating lots of veggies and fruits keeps our skin hydrated, protects from sunburn, and even stops wrinkles. üçé

Having clear, glowing skin might be as simple as just eating more veggies and fruits. What about you? When do you usually buy food during your day? Are there tasty plant-based options you could try next time you have a choice? üå±","Wow!...if everyone ate less animal foods, the CO2 from food production would drop by 68%. Just by changing our food choices, we could be halfway to stopping climate change. üå≥

Climate change will mostly affect us young people because we will see its outcomes in our lifetime. Instead of being cynical, let's look for small, effective changes that we can make right now. Choosing more plant-based meals or snacks when possible is one of the easiest things we can do. üå±

What about you? You can also find out which foods are especially harmful for the climate (hint: the farm animal that is worst for the climate rhymes with ‚Äòwow‚Äô). ü§î","Wow!...most pigs and chickens in the UK are kept indoors their whole lives and never see sunlight. Animals that can't go outside are more stressed and, scientists say, much less happy. I believe we may not be able to change how animals are treated on these farms directly. But we can choose more vegetables and meat alternatives (like plant-based schnitzel, sausages, and burgers) instead of animal meat. This is the quickest way to help make animals' lives better, right?","Wow!...veggies and fruits, they've got some awesome stuff that keeps our brains super healthy and working great! Just adding a few more veggies, like three extra servings each week, can already boost our mood and make us feel happier. üòÉ

There's no limit to how many plants we can eat‚Äîit's all good for our brains! To start, what about challenging yourself, your friends, or your parents to have more plant-based meals on some days of the week (with an occasional cheat day here and there).","Wow!...animal farming is causing 80% of the Amazon rainforest loss, 'cause farmers need space for cattle and cattle food. Last year, the Amazon lost as many trees as there are in the UK and Ireland combined. Imagine if there were not a single tree left here!

But hey, by eating less meat, like choosing veggie burgers for lunch, we can make a difference without much change. If you eat with others, you can set an example and inspire your friends and classmates to be more mindful about their food choices too. What do you think?"
121461,"Hey, I'm Sasha, nice to meet you! Over the next two weeks, I'll be exploring healthy and sustainable eating with you. üòä

About a year ago, I started eating more plant-based foods and learned a lot along the way. It's not about being perfect; I don't think we all need to go completely vegan. But being a bit mindful of how much animal food we eat and drink can be good for our health and the planet.

So, stay tuned! I'll be sharing lots of interesting science facts and giving you tips for small changes that can make a big difference. üëç","Hey, fruits and veggies are packed with important nutrients like vitamins, minerals, and antioxidants that help our bodies fight diseases. For instance, those who eat mostly plant foods were 39% less likely to get Covid and have fewer hospital visits overall. Every time we buy food ourselves, we get to decide what goes into our bodies. To make it more fun, you could also chat with your friends during lunch and try out some plant-based foods together. What about you, are you up for the challenge?","Hey, reducing how much meat we eat can help save a lot of CO2, which causes climate change. For example, if we eat meat every other day instead of every day for a year, it saves as much CO2 as driving a car from London to China‚Ä¶ and back!

With small changes like this, everyone can help the environment and slow down climate change now without waiting for others! Let‚Äôs start small, what do you say? For example, we can try to eat meat only once a day, instead of having it at breakfast, lunch, and dinner. Sure we can do this!","Hey, did you know that over 70% of farm animals in the UK are raised on factory farms just to keep animal products cheap? On these farms, a chicken has only about the space of a laptop, so there's barely any room to move. It's like living under a staircase, like Harry Potter, for your whole life. 

These factory farms keep going because people buy their products. But if we choose to eat less meat or plant-based meats when we can, we can send a message to these farms to make better living conditions for their animals. What about you, what do you think?","Hey, fiber is really important for keeping our stomachs healthy, and it's only found in plants, not in animal foods. When we have enough fiber in our meals, we stay full for longer and have more energy throughout the school day, avoiding that tired feeling after lunch. Sure, changing our habits, like what we eat, can be tricky at first. But an easy way to start could be to try more plant-based lunches at school to feel more energetic and ready for the afternoon.","Hey, 80% of young people believe that living sustainably is super important for their happiness. And guess what? 77% say they‚Äôd go for meat alternatives as part of their sustainable lifestyle. It‚Äôs awesome to see how much our generation agrees on this. Even if we‚Äôre not trying to be fully vegan, each of us can do something to help. For example, we can try the plant-based food options in our school cafeteria or some meat alternatives more often.","Hey! Thanks for following along for the first week.\n\nI'm excited to see how more people are choosing plant-based eating. Some of my favourite celebrities eat vegan, like Lewis Hamilton, Billie Eilish, and Ariana Grande. Others, like Harry Styles and Lionel Messi, avoid animal products for the most part.\n\nI also see new plant-based products and restaurants appearing everywhere.  It looks like we'll have lots of options in the future!\n\nWhy not see if some of your favorite celebrities also eat plant-based? ","Reducing how much meat, dairy, and sugary foods we eat can really help improve acne (up to 87% less acne in young people). Eating lots of vegetables and fruits also keeps our skin hydrated, protects us from getting sunburned, and even stops wrinkles.\n\nHaving clear, glowing skin might be as simple as just eating more veggies and fruits. When do you usually buy food during your day? Are there tasty plant-based options you could try the next time you have a choice?","If everyone ate less animal foods, the CO2 from food production would drop by 68%. Just by changing our food choices, we could be halfway to stopping climate change.\n\nClimate change will mostly affect us young people because we will see its outcomes in our lifetime. Instead of being cynical, let's look for small, effective changes that we can make right now. Choosing more plant-based meals or snacks when possible is one of the easiest things we can do.\n\nYou can also find out which foods are especially harmful for to climate (hint: the farm animal that is worst for the climate rhymes with ‚Äòwow‚Äô).","Most pigs and chickens in the UK are kept indoors their whole lives and never see sunlight. Animals that can't go outside are more stressed and, scientists say, much less happy.\n\nWe may not be able to change how animals are treated on these farms directly. But we can choose more vegetables and meat alternatives (like plant-based schnitzel, sausages, and burgers) instead of animal meat. This is the quickest way to help make animals' lives better.","Vegetables and fruits have helpful plant substances that support our brain health and help it work well. Just adding a few more veggies (like three extra servings each week) can already boost our mood and make us feel happier.\n\nThere's no limit to how many plants we can eat‚Äîit's all good for our brains! To start, you could challenge yourself, your friends, or your parents to have more plant-based meals on some days of the week (with an occasional cheat day here and there).","Animal farming is responsible for 80% of the loss of the Amazon rainforest because farmers need space for cattle and cattle food. Last year, the Amazon rainforest lost as many trees as there are in the UK and Ireland combined. Imagine if there were not a single tree left here!\n\nBy eating less meat (like choosing veggie burgers instead of regular burgers for lunch), we can make a difference without needing to change much. If you eat with others, you can also set an example and inspire your friends and classmates, to be more mindful about their food choices as well."
121448,"Hello! I‚Äôm Sasha, nice to meet you! Over the next two weeks, I will explore healthy and sustainable eating with you.\n\nA year ago, I started eating more plant-based foods and learned a lot along the way. It‚Äôs not about being perfect; I don‚Äôt think we all need to go completely vegan. However, being a bit mindful of how much animal food we eat and drink can be good for our health and the planet.\n\nStay tuned, as I will share lots of interesting science facts and give you tips for small changes that can make a big difference.","Fruits and vegetables are filled with important nutrients like vitamins, minerals, and antioxidants that help our bodies fight diseases. For instance, people who eat mostly plant foods were 39% less likely to get Covid and have fewer hospital visits overall.\n\nEvery time we buy food ourselves, we get to decide what goes into our bodies. To make it more fun, you could also talk with your friends during lunch and try out some plant-based foods together.","Reducing how much meat we eat can help save a lot of CO2, which causes climate change. For example, if we eat meat every other day instead of every day for a year, it saves as much CO2 as driving a car from London to China‚Ä¶ and back!\n\nWith small changes like this, everyone can help the environment and slow down climate change now without waiting for others! Let‚Äôs start small;  for example, we can try to eat meat only once a day, instead of having it at breakfast, lunch, and dinner.","More than 70% of farm animals in the UK are raised on factory farms to keep animal products cheap. On these farms, a chicken has only about the space of a laptop, so there's hardly any room to move. It's like living under a staircase, like Harry Potter, for your whole life.\n\nFactory farms keep going because people buy their products. By choosing to eat less meat or plant-based meats when we can, we can send a message to these farms to make better living conditions for their animals.","Fiber is really important for keeping our stomachs healthy, and it's only found in plants, not in animal foods. When we have enough fiber in our meals, we stay full for longer and have more energy throughout the school day, avoiding that tired feeling after lunch.\n\nChanging our habits, like what we eat, can be tricky at first. An easy way to start could be to try more plant-based lunches at school to feel more energetic and ready for the afternoon.","80% of young people believe that living sustainably is very important for their happiness. And 77% say they would choose meat alternatives as part of their sustainable lifestyle.\n\nIt's good to see how much our generation agrees on this. Even if we're not trying to be completely vegan, each of us can do something to help. For example, we can try the plant-based food options in our school cafeteria or some meat alternatives more often.","hey! thanks for following along for the 1st week.
i am excited to see how more people are choosing plant-based eating. some of my favorite celebrities eat vegan, like lewis hamilton, billie eilish, and ariana grande. others, like harry styles and lionel messi, avoid animal products for the most part.
i also see new plant-based products and restaurants appearing everywhere. it looks like we'll have lots of options in the future!

why not see if some of your favorite celebrities also eat plant-based? guys","reducing how much meat, dairy, and sugary foods we eat can really help improve acne (up to 87% less acne in young people). eating lots of vegetables and fruits also keeps our skin hydrated, protects us from getting sunburned, and even stops wrinkles.

havin clear, glowing skin might be as simple as just eatin more veggies and fruits. when do you guys usually buy food during your day? are there tasty plant-based options you could try the next time you have a choice?","if everyone ate less animal foods, the CO2 from food production would drop by 68%. just by changing our food choices, we could be halfway to stopping climate change

climate change will mostly affect us young people cuz we will see its outcomes in our lifetime. instead of being cynical, lets look for small, effective changes that we can make right now. choosing more plant-based meals or snacks when possible is one of the easiest things we can do

you can also find out which foods are especially harmful for to climate (hint: the farm animal that is worst for the climate rhymes with ‚Äòwow‚Äô)","most pigs and chickens in the uk are kept indoors their whole lives and never see sunlight. animals that cant go outside are more stressed and, scientists say, much less happy. we may not be able to change how animals are treated on these farms directly. but we can choose more vegetables and meat alternatives (like plant-based schnitzel, sausages, and burgers) instead of animal meat. this is the quickest way to help make animals lives better.","vegetables and fruits have helpful plant stuff that support our brain health and help it work well. just adding a few more veggies (like 3 extra servings each week) can already boost our mood and make us feel happier.

theres no limit to how many plants we can eat‚Äîits all good for our brains! to start, you guys could challenge yourself, your friends, or your parents to have more plant-based meals on some days of the week (with an occasional cheat day here and there).","animal farming is responsible for 80% of the loss of the amazon rainforest cuz farmers need space for cattle and cattle food. last year, the amazon rainforest lost as many trees as there are in the uk and ireland combined. imagine if there were not a single tree left here!

by eating less meat (like choosing veggie burgers instead of regular burgers for lunch), we can make a difference without needing to change much. if you eat with others, you can also set an example and inspire your friends and classmates, to be more mindful about their food choices as well guys"
121447,"Hello! I‚Äôm Sasha, nice to meet you! Over the next two weeks, I will explore healthy and sustainable eating with you.\n\nA year ago, I started eating more plant-based foods and learned a lot along the way. It‚Äôs not about being perfect; I don‚Äôt think we all need to go completely vegan. However, being a bit mindful of how much animal food we eat and drink can be good for our health and the planet.\n\nStay tuned, as I will share lots of interesting science facts and give you tips for small changes that can make a big difference.","Fruits and vegetables are filled with important nutrients like vitamins, minerals, and antioxidants that help our bodies fight diseases. For instance, people who eat mostly plant foods were 39% less likely to get Covid and have fewer hospital visits overall.\n\nEvery time we buy food ourselves, we get to decide what goes into our bodies. To make it more fun, you could also talk with your friends during lunch and try out some plant-based foods together.","Reducing how much meat we eat can help save a lot of CO2, which causes climate change. For example, if we eat meat every other day instead of every day for a year, it saves as much CO2 as driving a car from London to China‚Ä¶ and back!\n\nWith small changes like this, everyone can help the environment and slow down climate change now without waiting for others! Let‚Äôs start small;  for example, we can try to eat meat only once a day, instead of having it at breakfast, lunch, and dinner.","More than 70% of farm animals in the UK are raised on factory farms to keep animal products cheap. On these farms, a chicken has only about the space of a laptop, so there's hardly any room to move. It's like living under a staircase, like Harry Potter, for your whole life.\n\nFactory farms keep going because people buy their products. By choosing to eat less meat or plant-based meats when we can, we can send a message to these farms to make better living conditions for their animals.","Fiber is really important for keeping our stomachs healthy, and it's only found in plants, not in animal foods. When we have enough fiber in our meals, we stay full for longer and have more energy throughout the school day, avoiding that tired feeling after lunch.\n\nChanging our habits, like what we eat, can be tricky at first. An easy way to start could be to try more plant-based lunches at school to feel more energetic and ready for the afternoon.","80% of young people believe that living sustainably is very important for their happiness. And 77% say they would choose meat alternatives as part of their sustainable lifestyle.\n\nIt's good to see how much our generation agrees on this. Even if we're not trying to be completely vegan, each of us can do something to help. For example, we can try the plant-based food options in our school cafeteria or some meat alternatives more often.","Hey! Thanks goodness for following along for the first week. üòç

Yeah guess I am excited to see how more people are choosing plant-based eating. Some of my favourite celebrities eat vegan, like Lewis Hamilton, Billie Eilish, and Ariana Grande. Others, like Harry Styles and Lionel Messi, avoid animal products for the most part. üå±

So tell me, do you see new plant-based products and restaurants appearing everywhere? It looks like we'll have lots of options in the future! üçî

Mind if I ask you to check if some of your favorite celebrities also eat plant-based? ü§î","So, cutting down on meat, dairy, and sugary foods can really help with acne, like up to 87% less for young people. Plus, lots of veggies and fruits keep our skin hydrated, protect from sunburn, and even stop wrinkles. üòÑ

Having clear, glowing skin might be as simple as just eating more veggies and fruits. When do you usually buy food during your day? Any tasty plant-based options you could try next time?","If we all eat less animal foods, CO2 from food production will drop by 68%. Just by changing our food choices, we could be halfway to stopping climate change. üå≥

Climate change is gonna affect us young people the most 'cause we'll see it in our lifetime. Instead of being cynical, let's look for small, effective changes we can make right now. Choosing more plant-based meals or snacks when possible is one of the easiest things we can do. üå±

You can also find out which foods are especially harmful to the climate (hint: the farm animal that's worst for the climate rhymes with 'wow'). ü§î","Most pigs and chickens in the UK are kept indoors their whole lives, never see sunlight. Animals that can't go outside are more stressed and, scientists say, much less happy. üòû

We may not be able to change how animals are treated on these farms directly. But we can choose more vegetables and meat alternatives (like plant-based schnitzel, sausages, and burgers) instead of animal meat. This is the quickest way to help make animals' lives better, yeah? üëç","Veggies and fruits got these helpful plant stuff that support our brain health and make it work super well. Just add a few more veggies, like three extra servings each week, and it can boost our mood and make us feel happier. üòä

There's no limit to how many plants we can eat‚Äîit's all good for our brains! You could start by challenging yourself, your friends, or your parents to have more plant-based meals on some days of the week (with an occasional cheat day here and there).","So, animal farming is like responsible for 80% of the Amazon rainforest loss, 'cause farmers need space for cattle and their food. Last year, the Amazon lost as many trees as there are in the UK and Ireland together. Imagine if there were no trees left here! üòÆ

But hey, by eating less meat (like choosing veggie burgers for lunch), we can make a difference without much change. If you eat with others, you can set an example and inspire your friends and classmates to be more mindful about their food choices too. üëç"
121455,"hey! am sasha, nice to meet you! over the next two weeks, am gonna explore healthy and sustainable eating with you. üçé

a year ago, i started eating more plant-based foods and learned a lot along the way. it's not about being perfect, i don't think we all need to go completely vegan. but, being a bit mindful of how much animal food we eat and drink can be good for our health and the planet. üåç

stay tuned, as am gonna share lots of interesting science facts and give you tips for small changes that can make a big difference. üëç","fruits and veggies are packed with important stuff like vitamins, minerals, and antioxidants that help our bodies fight diseases. like, people who eat mostly plant stuff were 39% less likely to get covid and have fewer hospital visits overall. 

eye every time we buy food ourselves, we get to decide what goes into our bodies. to make it more fun, you could also talk with your friends during lunch and try out some plant-based stuff together.","so like, eating less meat can save loads of CO2, which is causing climate change, yeah? like, if we eat meat every other day for a year, it's like driving a car from London to China and back! wild, right?

so everyone can do their bit, no need to wait for others. let's start small, yeah? like, eat meat once a day, not every meal. easy!","more than 70% of farm animals in uk are raised on factory farms to keep animal stuff cheap. on these farms, a chicken has only about the space of a laptop, so hardly any room to move. it's like living under a staircase, like harry potter, for your whole life. 

factory farms keep going cause people buy their stuff. by choosing to eat less meat or plant-based meats when we can, we can send a message to these farms to make better living conditions for their animals.","fiber is real important for keeping our stomachs healthy, and its only found in plants, not in animal foods. when we have enough fiber in our meals, we stay full for longer and have more energy throughout the school day, avoiding that tired feeling after lunch.

changing our habits, liie what we eat, can be tricky at first. an easy way to start could be to try more plant-based lunches at school to feel more energetic and ready for the afternoon.","80% of young people liie living sustainably is very important for their happiness. and 77% say they would choose meat alternatives as part of their sustainable lifestyle.

its good to see how much our generation agrees on this. even if we're not trying to be completely vegan, each of us can do something to help. like we can try the plant-based food options in our school cafeteria or some meat alternatives more often.","Hey! Thanks for following along for the first week.\n\nI'm excited to see how more people are choosing plant-based eating. Some of my favourite celebrities eat vegan, like Lewis Hamilton, Billie Eilish, and Ariana Grande. Others, like Harry Styles and Lionel Messi, avoid animal products for the most part.\n\nI also see new plant-based products and restaurants appearing everywhere.  It looks like we'll have lots of options in the future!\n\nWhy not see if some of your favorite celebrities also eat plant-based? ","Reducing how much meat, dairy, and sugary foods we eat can really help improve acne (up to 87% less acne in young people). Eating lots of vegetables and fruits also keeps our skin hydrated, protects us from getting sunburned, and even stops wrinkles.\n\nHaving clear, glowing skin might be as simple as just eating more veggies and fruits. When do you usually buy food during your day? Are there tasty plant-based options you could try the next time you have a choice?","If everyone ate less animal foods, the CO2 from food production would drop by 68%. Just by changing our food choices, we could be halfway to stopping climate change.\n\nClimate change will mostly affect us young people because we will see its outcomes in our lifetime. Instead of being cynical, let's look for small, effective changes that we can make right now. Choosing more plant-based meals or snacks when possible is one of the easiest things we can do.\n\nYou can also find out which foods are especially harmful for to climate (hint: the farm animal that is worst for the climate rhymes with ‚Äòwow‚Äô).","Most pigs and chickens in the UK are kept indoors their whole lives and never see sunlight. Animals that can't go outside are more stressed and, scientists say, much less happy.\n\nWe may not be able to change how animals are treated on these farms directly. But we can choose more vegetables and meat alternatives (like plant-based schnitzel, sausages, and burgers) instead of animal meat. This is the quickest way to help make animals' lives better.","Vegetables and fruits have helpful plant substances that support our brain health and help it work well. Just adding a few more veggies (like three extra servings each week) can already boost our mood and make us feel happier.\n\nThere's no limit to how many plants we can eat‚Äîit's all good for our brains! To start, you could challenge yourself, your friends, or your parents to have more plant-based meals on some days of the week (with an occasional cheat day here and there).","Animal farming is responsible for 80% of the loss of the Amazon rainforest because farmers need space for cattle and cattle food. Last year, the Amazon rainforest lost as many trees as there are in the UK and Ireland combined. Imagine if there were not a single tree left here!\n\nBy eating less meat (like choosing veggie burgers instead of regular burgers for lunch), we can make a difference without needing to change much. If you eat with others, you can also set an example and inspire your friends and classmates, to be more mindful about their food choices as well."
